Summary,Issue key,Issue id,Issue Type,Status,Project key,Project name,Project type,Project lead,Project lead id,Project description,Priority,Resolution,Assignee,Assignee Id,Reporter,Reporter Id,Creator,Creator Id,Created,Updated,Last Viewed,Resolved,Due date,Votes,Labels,Description,Environment,Watchers,Watchers Id,Original estimate,Remaining Estimate,Time Spent,Work Ratio,Σ Original Estimate,Σ Remaining Estimate,Σ Time Spent,Security Level,Inward issue link (Blocks),Outward issue link (Blocks),Inward issue link (Cloners),Inward issue link (Cloners),Inward issue link (Cloners),Outward issue link (Cloners),Attachment,Attachment,Attachment,Attachment,Custom field (Actual Result),Custom field (Actual end),Custom field (Actual start),Custom field (Category),Custom field (Change reason),Custom field (Change risk),Custom field (Change type),Custom field (Compass),Custom field (Development),Custom field (Epic Color),Custom field (Epic Link),Epic Link Summary,Custom field (Epic Name),Custom field (Epic Status),Custom field (Expected Result),Custom field (Impact),Custom field (Issue color),Custom field (Locked forms),Custom field (Open forms),Custom field (Rank),Custom field (Request Type),Sprint,Custom field (Start date),Custom field (Story Points),Custom field (Story point estimate),Custom field (Submitted forms),Custom field (Target end),Custom field (Target start),Custom field (Team),Custom field (Testcase Result),Custom field (Text Level),Custom field (Text Steps),Custom field (Total forms),Custom field ([CHART] Date of First Response),Status Category
DN - Nếu đăng nhập tài khoản email hoặc mật khẩu không hợp lệ hệ thống sẽ hiển thị lỗi,NC-65,10351,Story,Done,NC,N2-CD21CT7,software,thanh vương,62995bccd9eae9006f369062,,Medium,Done,Lê An Võ,6391935d9960988ef6c29e27,Lê An Võ,6391935d9960988ef6c29e27,Lê An Võ,6391935d9960988ef6c29e27,20/Mar/23 2:14 PM,20/Mar/23 2:18 PM,21/Mar/23 2:21 PM,20/Mar/23 2:18 PM,,0,DangNhap,"!image-20230320-071525.png|width=1529,height=755!",,Lê An Võ,6391935d9960988ef6c29e27,,,,,,,,,,,,,,,20/Mar/23 2:15 PM;6391935d9960988ef6c29e27;image-20230320-071525.png;https://vuongquanthanh.atlassian.net/secure/attachment/10248/image-20230320-071525.png,,,,Nếu như email sai thì hệ thống sẽ hiển thị lỗi,,,,,,,,,,,,,,Nếu như email sai thì hệ thống sẽ hiển thị lỗi,,,,,0|i00227:,,Sprint 3,,,,,,,,Pass,System,Nhấn vào phím nhập địa chỉ email,,,Done
"DN - Nhập đúng tài khoản, chi tiết đăng ký người dùng phải được hiển thị",NC-64,10350,Story,Done,NC,N2-CD21CT7,software,thanh vương,62995bccd9eae9006f369062,,Medium,Done,Lê An Võ,6391935d9960988ef6c29e27,Lê An Võ,6391935d9960988ef6c29e27,Lê An Võ,6391935d9960988ef6c29e27,20/Mar/23 1:59 PM,20/Mar/23 2:34 PM,21/Mar/23 2:21 PM,20/Mar/23 2:18 PM,,0,DangNhap,"!image-20230320-073356.png|width=1521,height=651!

!image-20230320-073422.png|width=1524,height=653!",,Lê An Võ,6391935d9960988ef6c29e27,,,,,,,,,,,,,,,20/Mar/23 2:34 PM;6391935d9960988ef6c29e27;image-20230320-073356.png;https://vuongquanthanh.atlassian.net/secure/attachment/10254/image-20230320-073356.png,20/Mar/23 2:34 PM;6391935d9960988ef6c29e27;image-20230320-073422.png;https://vuongquanthanh.atlassian.net/secure/attachment/10253/image-20230320-073422.png,,,Nếu tài khoản nhập đúng thì hệ thống sẽ chuyển trang,,,,,,,,,,,,,,Nếu nhập đúng thì tài khoản không hiển thị lỗi,,,,,0|i0021z:,,Sprint 3,,,,,,,,Pass,System,Nhấn vào phím đăng nhập bằng địa chỉ email và mật khẩu của bạn.,,,Done
TT-Verify-số điện thoại phải bắt đầu bằng số 0,NC-63,10349,Story,Done,NC,N2-CD21CT7,software,thanh vương,62995bccd9eae9006f369062,,Medium,Done,Lê An Võ,6391935d9960988ef6c29e27,Lê An Võ,6391935d9960988ef6c29e27,Lê An Võ,6391935d9960988ef6c29e27,19/Mar/23 7:16 PM,20/Mar/23 2:38 PM,21/Mar/23 2:21 PM,19/Mar/23 7:20 PM,,0,ThanhToan,"!image-20230320-073848.png|width=929,height=102!",,Lê An Võ,6391935d9960988ef6c29e27,,,,,,,,,,,,,,,20/Mar/23 2:38 PM;6391935d9960988ef6c29e27;image-20230320-073848.png;https://vuongquanthanh.atlassian.net/secure/attachment/10255/image-20230320-073848.png,,,,"xuất hiện dòng thông báo ""số điện thoại bắt đầu bằng số 0""",,,,,,,,,,,,,,"xuất hiện dòng thông báo ""số điện thoại bắt đầu bằng số 0""",,,,,0|i0021r:,,Sprint 2,,,,,,,,Pass,Intergration,1 nhập vào một số bất kì mà không phải là số 0,,,Done
TT-Verify- được thay đổi số lượng khi đang thanh toán,NC-62,10348,Story,Done,NC,N2-CD21CT7,software,thanh vương,62995bccd9eae9006f369062,,Medium,Done,Lê An Võ,6391935d9960988ef6c29e27,Lê An Võ,6391935d9960988ef6c29e27,Em Của Chị Ca Nô,638d97af9960988ef6c1ce87,06/Feb/23 5:23 PM,20/Mar/23 3:00 PM,21/Mar/23 2:21 PM,19/Mar/23 7:58 PM,,0,ThanhToan,"!image-20230320-080031.png|width=967,height=334!",,Em Của Chị Ca Nô,638d97af9960988ef6c1ce87,,,,,,,,,,,,,,,20/Mar/23 3:00 PM;6391935d9960988ef6c29e27;image-20230320-080031.png;https://vuongquanthanh.atlassian.net/secure/attachment/10268/image-20230320-080031.png,,,,có chổ thay đổi số lượng,,,,,,,,,,NC-47,Thanh Toán,,,có chổ để thay đổi số lượng,,purple,,,0|i0021j:,,Sprint 2,,,,,,,,Pass,Intergration,vào mục thanh toán của một sản phẩm bất kì ,,,Done
GH - Xác Minh Giỏ Hàng -Xóa được sản phẩm yêu thích của bạn,NC-61,10347,Story,Done,NC,N2-CD21CT7,software,thanh vương,62995bccd9eae9006f369062,,Medium,Done,Ngô Tấn Lộc,638d987d5fc160544e1d212c,Ngô Tấn Lộc,638d987d5fc160544e1d212c,Ngô Tấn Lộc,638d987d5fc160544e1d212c,06/Feb/23 5:21 PM,20/Mar/23 1:48 PM,21/Mar/23 2:21 PM,06/Feb/23 5:26 PM,,0,GioHang,"# Chọn sản phẩm ưa thích
# Xong click vào hình trái tim để xóa sản phẩm ưa thích ra
!image-20230206-102428.png|width=1536,height=864!",,Ngô Tấn Lộc,638d987d5fc160544e1d212c,,,,,,,,,,,,,,NC-45,06/Feb/23 5:21 PM;ug:0ead758c-ac0d-42b1-98a6-44ec6b3b077b;image-20230206-082400.png;https://vuongquanthanh.atlassian.net/secure/attachment/10244/image-20230206-082400.png,06/Feb/23 5:21 PM;ug:0ead758c-ac0d-42b1-98a6-44ec6b3b077b;image-20230206-082431.png;https://vuongquanthanh.atlassian.net/secure/attachment/10245/image-20230206-082431.png,06/Feb/23 5:21 PM;ug:0ead758c-ac0d-42b1-98a6-44ec6b3b077b;image-20230206-094559.png;https://vuongquanthanh.atlassian.net/secure/attachment/10246/image-20230206-094559.png,06/Feb/23 5:24 PM;ug:0ead758c-ac0d-42b1-98a6-44ec6b3b077b;image-20230206-102428.png;https://vuongquanthanh.atlassian.net/secure/attachment/10247/image-20230206-102428.png,Không còn sản phẩm hệ thống sẽ hiển thị không còn sản phẩm nào,,,,,,,,,,NC-4,Giỏ Hàng,,,"1. Khi giảm số lượng sản phẩm, hệ thống sẽ cập nhật lại số lượng  của sản phẩm đó",,,,,0|i0021b:,,,,,,,,,,Pass,System,,,,Done
DN-Verify- đăng nhập xong thì chuyển về trang chủ,NC-60,10346,Story,Done,NC,N2-CD21CT7,software,thanh vương,62995bccd9eae9006f369062,,Medium,Done,Lê An Võ,6391935d9960988ef6c29e27,Lê An Võ,6391935d9960988ef6c29e27,Em Của Chị Ca Nô,638d97af9960988ef6c1ce87,06/Feb/23 5:19 PM,19/Mar/23 7:29 PM,21/Mar/23 2:21 PM,06/Feb/23 5:21 PM,,0,DangNhap,,,Em Của Chị Ca Nô,638d97af9960988ef6c1ce87,,,,,,,,,,,,,,,,,,,trở về trang chủ,,,,,,,,,,NC-1, Đăng Nhập,,,trở về trang chủ,,purple,,,0|i00213:,,Sprint 2,,,,,,,,Pass,Intergration,đăng nhập bằng email và mật khẩu đã đãng kí ,,,Done
GH-Verifiy- Có thể thêm vào danh sách ưa thích,NC-59,10345,Story,Done,NC,N2-CD21CT7,software,thanh vương,62995bccd9eae9006f369062,,Medium,Done,Ngô Tấn Lộc,638d987d5fc160544e1d212c,Ngô Tấn Lộc,638d987d5fc160544e1d212c,Ngô Tấn Lộc,638d987d5fc160544e1d212c,06/Feb/23 5:15 PM,20/Mar/23 2:21 PM,21/Mar/23 2:21 PM,06/Feb/23 5:28 PM,,0,GioHang,"Click vào hình trái tim để thêm vào danh sách ưa thích

!image-20230320-072005.png|width=960,height=486!



Xong vào yêu thích để xem sản phẩm của mình đã được thêm vào chưa

!image-20230320-071957.png|width=53,height=57!

!image-20230320-072032.png|width=1536,height=864!",,Ngô Tấn Lộc,638d987d5fc160544e1d212c,,,,,,,,,,,,,,NC-17,20/Mar/23 2:20 PM;ug:0ead758c-ac0d-42b1-98a6-44ec6b3b077b;image-20230320-071957.png;https://vuongquanthanh.atlassian.net/secure/attachment/10251/image-20230320-071957.png,20/Mar/23 2:20 PM;ug:0ead758c-ac0d-42b1-98a6-44ec6b3b077b;image-20230320-072005.png;https://vuongquanthanh.atlassian.net/secure/attachment/10249/image-20230320-072005.png,20/Mar/23 2:20 PM;ug:0ead758c-ac0d-42b1-98a6-44ec6b3b077b;image-20230320-072032.png;https://vuongquanthanh.atlassian.net/secure/attachment/10250/image-20230320-072032.png,,"Khi click vào bạn sẽ dễ thấy hơn, và hiện toàn bộ sản phẩm bạn đã click vào ưa thích",,,,,,,,,,NC-4,Giỏ Hàng,,,Chuyển vào chỗ ưa thích dễ thấy và dễ tìm kiếm hơn,,purple,,,0|i0020v:,,,,,,,,,,Skip,System,Show sản phẩm yêu thích của bạn trong mục yêu thích,,,Done
TT-Verify- Bắc buộc phải nhập Địa chỉ chi tiết,NC-58,10344,Story,Done,NC,N2-CD21CT7,software,thanh vương,62995bccd9eae9006f369062,,Medium,Done,Lê An Võ,6391935d9960988ef6c29e27,Lê An Võ,6391935d9960988ef6c29e27,Em Của Chị Ca Nô,638d97af9960988ef6c1ce87,06/Feb/23 5:10 PM,20/Mar/23 2:41 PM,21/Mar/23 2:21 PM,06/Feb/23 5:12 PM,,0,ThanhToan,"!image-20230320-074058.png|width=892,height=85!",,Em Của Chị Ca Nô,638d97af9960988ef6c1ce87,,,,,,,,,,,,,,NC-53,20/Mar/23 2:41 PM;6391935d9960988ef6c29e27;image-20230320-074058.png;https://vuongquanthanh.atlassian.net/secure/attachment/10256/image-20230320-074058.png,,,,Xuất hiện thông báo phải điền đầu đủ thông tin địa chỉ,,,,,,,,,,NC-47,Thanh Toán,,,Xuất hiện thông báo phải điền đầu đủ thông tin địa chỉ,,purple,,,0|i0020n:,,Sprint 2,,,,,,,,Pass,Intergration,"không điền gì vào form và ""nhấn tiếp tục thanh toán""",,,Done
TT-Verify- Bắc buộc phải nhập Quận,NC-57,10343,Story,Done,NC,N2-CD21CT7,software,thanh vương,62995bccd9eae9006f369062,,Medium,Done,Lê An Võ,6391935d9960988ef6c29e27,Lê An Võ,6391935d9960988ef6c29e27,Em Của Chị Ca Nô,638d97af9960988ef6c1ce87,06/Feb/23 5:10 PM,20/Mar/23 2:42 PM,06/Feb/23 5:26 PM,19/Mar/23 7:58 PM,,0,ThanhToan,"!image-20230320-074223.png|width=890,height=81!",,Em Của Chị Ca Nô,638d97af9960988ef6c1ce87,,,,,,,,,,,,,,NC-53,20/Mar/23 2:42 PM;6391935d9960988ef6c29e27;image-20230320-074223.png;https://vuongquanthanh.atlassian.net/secure/attachment/10257/image-20230320-074223.png,,,,Xuất hiện thông báo phải điền đầu đủ thông tin địa chỉ,,,,,,,,,,NC-47,Thanh Toán,,,Xuất hiện thông báo phải điền đầu đủ thông tin địa chỉ,,purple,,,0|i0020f:,,Sprint 2,,,,,,,,Pass,Intergration,"không điện gì vào form và ""nhấn tiếp tục thanh toán""",,,Done
TT-Verify- Bắc buộc phải nhập phường,NC-56,10342,Story,Done,NC,N2-CD21CT7,software,thanh vương,62995bccd9eae9006f369062,,Medium,Done,Lê An Võ,6391935d9960988ef6c29e27,Lê An Võ,6391935d9960988ef6c29e27,Em Của Chị Ca Nô,638d97af9960988ef6c1ce87,06/Feb/23 5:10 PM,20/Mar/23 2:43 PM,21/Mar/23 2:21 PM,19/Mar/23 7:58 PM,,0,ThanhToan,"!image-20230320-074259.png|width=779,height=87!",,Em Của Chị Ca Nô,638d97af9960988ef6c1ce87,,,,,,,,,,,,,,NC-53,20/Mar/23 2:43 PM;6391935d9960988ef6c29e27;image-20230320-074259.png;https://vuongquanthanh.atlassian.net/secure/attachment/10258/image-20230320-074259.png,,,,Xuất hiện thông báo phải điền đầu đủ thông tin địa chỉ,,,,,,,,,,NC-47,Thanh Toán,,,Xuất hiện thông báo phải điền đầu đủ thông tin địa chỉ,,purple,,,0|i00207:,,Sprint 2,,,,,,,,Pass,Intergration,"không điện gì vào form và ""nhấn tiếp tục thanh toán""",,,Done
DN - Xác minh tài khoản - Nếu bạn quên mật khẩu có thể lấy lại được,NC-55,10341,Story,Done,NC,N2-CD21CT7,software,thanh vương,62995bccd9eae9006f369062,,Medium,Done,Ngô Tấn Lộc,638d987d5fc160544e1d212c,Ngô Tấn Lộc,638d987d5fc160544e1d212c,Ngô Tấn Lộc,638d987d5fc160544e1d212c,06/Feb/23 5:09 PM,20/Mar/23 2:23 PM,21/Mar/23 2:21 PM,19/Mar/23 7:58 PM,,0,DangNhap,"# Vào link để đăng nhập [https://www.uniqlo.com/vn/auth/v1/login|https://www.uniqlo.com/vn/auth/v1/login]
# Bấm vào quên mật khẩu
!image-20230206-101142.png|width=1536,height=864!
# Nhập lại email và nhập mã xác thực để tạo mk mới
!image-20230206-101227.png|width=1536,height=864!",,Ngô Tấn Lộc,638d987d5fc160544e1d212c,,,,,,,,,,,,,,NC-23,06/Feb/23 5:12 PM;ug:0ead758c-ac0d-42b1-98a6-44ec6b3b077b;image-20230206-101142.png;https://vuongquanthanh.atlassian.net/secure/attachment/10243/image-20230206-101142.png,06/Feb/23 5:12 PM;ug:0ead758c-ac0d-42b1-98a6-44ec6b3b077b;image-20230206-101227.png;https://vuongquanthanh.atlassian.net/secure/attachment/10242/image-20230206-101227.png,,,Hệ thống sẽ gửi mã xác minh về email của bạn.,,,,,,,,,,NC-1, Đăng Nhập,,,"1. Nếu nhập sai Email,  hệ thống sẽ không gửi mã vào lại dc email của bạn",,,,,0|i001tn:,,Sprint 3,,,,,,,,Pass,System,1. Bạn phải đăng nhậpEmail đúng tài khoản đã tạo,,,Done
TT-Verify-Bắt buộc phải có số điện thoại ,NC-54,10340,Story,Done,NC,N2-CD21CT7,software,thanh vương,62995bccd9eae9006f369062,,Medium,Done,Lê An Võ,6391935d9960988ef6c29e27,Lê An Võ,6391935d9960988ef6c29e27,Lê An Võ,628f6e488026a10068b283ee,06/Feb/23 5:06 PM,20/Mar/23 2:45 PM,21/Mar/23 2:21 PM,06/Feb/23 5:06 PM,,0,ThanhToan,"!image-20230320-074552.png|width=713,height=84!",,Lê An Võ,628f6e488026a10068b283ee,,,,,,,,,,,,,,,20/Mar/23 2:45 PM;6391935d9960988ef6c29e27;image-20230320-074552.png;https://vuongquanthanh.atlassian.net/secure/attachment/10260/image-20230320-074552.png,,,,Xuất hiện dòng chữ vui lòng nhập 10-11 số (bắt đầu số 0),,,,,,,,,,NC-47,Thanh Toán,,,Xuất hiện dòng thông báo vui lòng nhập 10-11 số (bắt đầu số 0),,purple,,,0|i001zr:,,Sprint 2,,,,,,,,Pass,Intergration,Không điền gì vào form và nhấn tiếp tục thanh toán ,,,Done
TT-Verify- Bắc buộc phải nhập Tỉnh,NC-53,10339,Story,Done,NC,N2-CD21CT7,software,thanh vương,62995bccd9eae9006f369062,,Medium,Done,Lê An Võ,6391935d9960988ef6c29e27,Lê An Võ,6391935d9960988ef6c29e27,Em Của Chị Ca Nô,638d97af9960988ef6c1ce87,06/Feb/23 5:04 PM,20/Mar/23 2:43 PM,21/Mar/23 2:21 PM,06/Feb/23 5:08 PM,,0,ThanhToan,"!image-20230320-074336.png|width=678,height=85!",,Em Của Chị Ca Nô,638d97af9960988ef6c1ce87,,,,,,,,,,,NC-56,NC-57,NC-58,,20/Mar/23 2:43 PM;6391935d9960988ef6c29e27;image-20230320-074336.png;https://vuongquanthanh.atlassian.net/secure/attachment/10259/image-20230320-074336.png,,,,Xuất hiện thông báo phải điền đầu đủ thông tin địa chỉ,,,,,,,,,,NC-47,Thanh Toán,,,Xuất hiện thông báo phải điền đầu đủ thông tin địa chỉ,,purple,,,0|i001sm:,,Sprint 2,,,,,,,,Pass,Intergration,"không điện gì vào form và ""nhấn tiếp tục thanh toán""",,,Done
TT-Verify-Bắt buộc phải có tên,NC-52,10338,Story,Done,NC,N2-CD21CT7,software,thanh vương,62995bccd9eae9006f369062,,Medium,Done,Lê An Võ,6391935d9960988ef6c29e27,Lê An Võ,6391935d9960988ef6c29e27,Lê An Võ,628f6e488026a10068b283ee,06/Feb/23 5:03 PM,20/Mar/23 2:46 PM,21/Mar/23 2:21 PM,06/Feb/23 5:03 PM,,0,ThanhToan,"!image-20230320-074652.png|width=759,height=80!",,Lê An Võ,628f6e488026a10068b283ee,,,,,,,,,,,,,,,20/Mar/23 2:46 PM;6391935d9960988ef6c29e27;image-20230320-074652.png;https://vuongquanthanh.atlassian.net/secure/attachment/10262/image-20230320-074652.png,,,,Xuất hiện dòng thông báo vui lòng nhập tên,,,,,,,,,,NC-47,Thanh Toán,,,Xuất hiện dòng thông báo vui lòng nhập tên,,purple,,,0|i001zj:,,Sprint 2,,,,,,,,Pass,Intergration,Không điền gì vào form và nhấn vào nút tiếp tục thanh toán,,,Done
TT-Verify-Bắt buộc phải có họ ,NC-51,10337,Story,Done,NC,N2-CD21CT7,software,thanh vương,62995bccd9eae9006f369062,,Medium,Done,Lê An Võ,6391935d9960988ef6c29e27,Lê An Võ,6391935d9960988ef6c29e27,Lê An Võ,628f6e488026a10068b283ee,06/Feb/23 5:00 PM,20/Mar/23 2:46 PM,21/Mar/23 2:21 PM,06/Feb/23 5:03 PM,,0,ThanhToan,"!image-20230320-074631.png|width=758,height=66!",,Lê An Võ,628f6e488026a10068b283ee,,,,,,,,,,,,,,,20/Mar/23 2:46 PM;6391935d9960988ef6c29e27;image-20230320-074631.png;https://vuongquanthanh.atlassian.net/secure/attachment/10261/image-20230320-074631.png,,,,Xuất hiện dòng thông báo vui lòng nhập họ,,,,,,,,,,NC-47,Thanh Toán,,,Xuất hiện dòng thông báo vui lòng nhập họ,,purple,,,0|i001zb:,,Sprint 2,,,,,,,,Pass,Intergration,Không điền gì vào form và nhấn vào nút tiếp tục thanh toán ,,,Done
TT-Verify- Số điện thoại không được nhập chữ và kí tự đặt biệt,NC-50,10336,Story,Done,NC,N2-CD21CT7,software,thanh vương,62995bccd9eae9006f369062,,Medium,Done,Lê An Võ,6391935d9960988ef6c29e27,Lê An Võ,6391935d9960988ef6c29e27,Em Của Chị Ca Nô,638d97af9960988ef6c1ce87,06/Feb/23 4:58 PM,19/Mar/23 7:58 PM,21/Mar/23 2:21 PM,19/Mar/23 7:58 PM,,0,ThanhToan,,,Em Của Chị Ca Nô,638d97af9960988ef6c1ce87,,,,,,,,,,,,,,,,,,,hệ thống không cho nhập chữ và kí tự đặt biệt,,,,,,,,,,NC-47,Thanh Toán,,,hệ thống không cho nhập chữ và kí tự đặt biệt,,purple,,,0|i001z3:,,Sprint 2,,,,,,,,Pass,Intergration,"nhập vào 1 vài chữ , số ",,,Done
TT-Verify-Số điện thoại phải có ít nhất 10 kí tự và tối đa 11 kí tự,NC-49,10335,Story,Done,NC,N2-CD21CT7,software,thanh vương,62995bccd9eae9006f369062,,Medium,Done,Lê An Võ,6391935d9960988ef6c29e27,Lê An Võ,6391935d9960988ef6c29e27,Em Của Chị Ca Nô,638d97af9960988ef6c1ce87,06/Feb/23 4:55 PM,20/Mar/23 2:49 PM,21/Mar/23 2:21 PM,06/Feb/23 4:58 PM,,0,ThanhToan,"!image-20230320-074915.png|width=759,height=95!",,Em Của Chị Ca Nô,638d97af9960988ef6c1ce87,,,,,,,,,,,,,,,20/Mar/23 2:49 PM;6391935d9960988ef6c29e27;image-20230320-074915.png;https://vuongquanthanh.atlassian.net/secure/attachment/10263/image-20230320-074915.png,,,,"Xuất hiện dòng thông báo ""số điện thoại phải từ 10 đến 11 số""",,,,,,,,,,NC-47,Thanh Toán,,,"Xuất hiện dòng thông báo ""số điện thoại phải từ 10 đến 11 số""",,purple,,,0|i001yv:,,Sprint 2,,,,,,,,Pass,Intergration,nhập vào 1 số điện thoại ngẫu nhiên bao gồm 9 số,,,Done
TT-Verify-số điện thoại phải bắt đầu bằng số 0,NC-48,10334,Story,Done,NC,N2-CD21CT7,software,thanh vương,62995bccd9eae9006f369062,,Medium,Done,Lê An Võ,6391935d9960988ef6c29e27,Lê An Võ,6391935d9960988ef6c29e27,Em Của Chị Ca Nô,638d97af9960988ef6c1ce87,06/Feb/23 4:52 PM,19/Mar/23 7:20 PM,21/Mar/23 2:21 PM,06/Feb/23 4:54 PM,,0,ThanhToan,,,Em Của Chị Ca Nô,638d97af9960988ef6c1ce87,,,,,,,,,,,,,,,,,,,"xuất hiện dòng thông báo ""số điện thoại bắt đầu bằng số 0""",,,,,,,,,,NC-47,Thanh Toán,,,"xuất hiện dòng thông báo ""số điện thoại bắt đầu bằng số 0""",,purple,,,0|i001yn:,,Sprint 2,,,,,,,,Pass,Intergration,1 nhập vào một số bất kì mà không phải là số 0,,,Done
Thanh Toán,NC-47,10333,Epic,To Do,NC,N2-CD21CT7,software,thanh vương,62995bccd9eae9006f369062,,Medium,,Ngô Tấn Lộc,638d987d5fc160544e1d212c,Ngô Tấn Lộc,638d987d5fc160544e1d212c,Ngô Tấn Lộc,638d987d5fc160544e1d212c,06/Feb/23 4:50 PM,20/Mar/23 1:43 PM,21/Mar/23 2:21 PM,,,0,,,,Ngô Tấn Lộc,638d987d5fc160544e1d212c,,,,,,,,,,,,,,,,,,,,,,,,,,,,ghx-label-7,,,Thanh Toán,To Do,,,purple,,,0|i001yf:,,,,,,,,,,,,,,,To Do
GH - Xác Minh Giỏ Hàng -Thêm được nhiều sản phẩm ,NC-45,10331,Story,Done,NC,N2-CD21CT7,software,thanh vương,62995bccd9eae9006f369062,,Medium,Done,Ngô Tấn Lộc,638d987d5fc160544e1d212c,Ngô Tấn Lộc,638d987d5fc160544e1d212c,Ngô Tấn Lộc,638d987d5fc160544e1d212c,06/Feb/23 4:42 PM,20/Mar/23 1:50 PM,21/Mar/23 2:21 PM,06/Feb/23 5:24 PM,,0,GioHang,"# Vào giỏ hàng
# Bấm vào thêm số lượng chọn số lượng mà bạn muốn thêm
!image-20230206-094559.png|width=1536,height=864!

3. Hệ thống sẽ tự cập nhật số lượng bạn chọn",,Ngô Tấn Lộc,638d987d5fc160544e1d212c,,,,,,,,,,,NC-61,,,NC-44,06/Feb/23 4:42 PM;ug:0ead758c-ac0d-42b1-98a6-44ec6b3b077b;image-20230206-082400.png;https://vuongquanthanh.atlassian.net/secure/attachment/10236/image-20230206-082400.png,06/Feb/23 4:42 PM;ug:0ead758c-ac0d-42b1-98a6-44ec6b3b077b;image-20230206-082431.png;https://vuongquanthanh.atlassian.net/secure/attachment/10237/image-20230206-082431.png,06/Feb/23 4:46 PM;ug:0ead758c-ac0d-42b1-98a6-44ec6b3b077b;image-20230206-094559.png;https://vuongquanthanh.atlassian.net/secure/attachment/10238/image-20230206-094559.png,,Khi tăng số lượng sản phẩm hệ thống sẽ tự cập nhật lại số lượng và giá ,,,,,,,,,,NC-4,Giỏ Hàng,,,"1. Khi tăng số lượng sản phẩm, sẽ cập nhật lại số lượng và giá tiền của sản phẩm đó",,,,,0|i001ux:,,Sprint 3,,,,,,,,Pass,System,,,,Done
GH - Xác Minh Giỏ Hàng - Cập nhật giỏ hàng có số sản phẩm về 0 sản phẩm,NC-44,10330,Story,Done,NC,N2-CD21CT7,software,thanh vương,62995bccd9eae9006f369062,,Medium,Done,Ngô Tấn Lộc,638d987d5fc160544e1d212c,Ngô Tấn Lộc,638d987d5fc160544e1d212c,Ngô Tấn Lộc,638d987d5fc160544e1d212c,06/Feb/23 4:40 PM,20/Mar/23 2:24 PM,21/Mar/23 2:21 PM,06/Feb/23 5:29 PM,,0,GioHang,"!image-20230320-072448.png|width=1536,height=864!",,Ngô Tấn Lộc,638d987d5fc160544e1d212c,,,,,,,,,,,NC-45,,,NC-18,06/Feb/23 4:40 PM;ug:0ead758c-ac0d-42b1-98a6-44ec6b3b077b;image-20230206-082400.png;https://vuongquanthanh.atlassian.net/secure/attachment/10234/image-20230206-082400.png,06/Feb/23 4:40 PM;ug:0ead758c-ac0d-42b1-98a6-44ec6b3b077b;image-20230206-082431.png;https://vuongquanthanh.atlassian.net/secure/attachment/10235/image-20230206-082431.png,20/Mar/23 2:24 PM;ug:0ead758c-ac0d-42b1-98a6-44ec6b3b077b;image-20230320-072448.png;https://vuongquanthanh.atlassian.net/secure/attachment/10252/image-20230320-072448.png,,Hiển thị thông báo chưa có sản phẩm trong giỏ hàng,,,,,,,,,,NC-4,Giỏ Hàng,,,Thông báo cập nhật giỏ hàng,,,,,0|i001sl:,,Sprint 3,,,,,,,,Pass,System,"1.Chọn sản phẩm và cho về 0 sản phẩm
1. cập nhật giỏ hàng",,,Done
TK - Xác Minh Tìm Kiếm - Không được bỏ trống khung tìm kiếm,NC-43,10329,Story,In Progress,NC,N2-CD21CT7,software,thanh vương,62995bccd9eae9006f369062,,Medium,,Ngô Tấn Lộc,638d987d5fc160544e1d212c,Ngô Tấn Lộc,638d987d5fc160544e1d212c,Ngô Tấn Lộc,638d987d5fc160544e1d212c,06/Feb/23 4:32 PM,20/Mar/23 2:25 PM,21/Mar/23 2:21 PM,,,0,TimKiem,,,Ngô Tấn Lộc,638d987d5fc160544e1d212c,,,,,,,,,,,,,,NC-41,06/Feb/23 4:32 PM;ug:0ead758c-ac0d-42b1-98a6-44ec6b3b077b;image-20230206-083030.png;https://vuongquanthanh.atlassian.net/secure/attachment/10230/image-20230206-083030.png,06/Feb/23 4:32 PM;ug:0ead758c-ac0d-42b1-98a6-44ec6b3b077b;image-20230206-083116.png;https://vuongquanthanh.atlassian.net/secure/attachment/10231/image-20230206-083116.png,06/Feb/23 4:32 PM;ug:0ead758c-ac0d-42b1-98a6-44ec6b3b077b;image-20230206-092048.png;https://vuongquanthanh.atlassian.net/secure/attachment/10232/image-20230206-092048.png,06/Feb/23 4:32 PM;ug:0ead758c-ac0d-42b1-98a6-44ec6b3b077b;image-20230206-092138.png;https://vuongquanthanh.atlassian.net/secure/attachment/10233/image-20230206-092138.png,Hiển thị các gợi ý tifm kiếm sản phẩm,,,,,,,,,,NC-3,Tìm Kiếm,,,1.Hiển thị thông báo lỗi hoặc gợi ý sản phẩm ,,,,,0|i001sw:,,Sprint 3,,,,,,,,Pass,System,"1. Không được tìm kí tự đặc biệt
2. Không được phép ghi số
3. Không được bỏ trống",,,In Progress
DK- Verify Password - Nếu Password lớn hơn 20 kí tự,NC-42,10328,Story,Done,NC,N2-CD21CT7,software,thanh vương,62995bccd9eae9006f369062,,Medium,Done,Lê An Võ,628f6e488026a10068b283ee,Lê An Võ,628f6e488026a10068b283ee,Lê An Võ,628f6e488026a10068b283ee,06/Feb/23 4:25 PM,06/Feb/23 5:28 PM,21/Mar/23 2:21 PM,06/Feb/23 4:29 PM,,0,Dangki,,,Lê An Võ,628f6e488026a10068b283ee,,,,,,,,,,,,,,,,,,,Xuất hiện dòng chữ mật khẩu phải có 8 - 20 ký tự,,,,,,,,,,NC-2,Đăng Kí,,,Xuất hiện dòng chữ mật khẩu phải có 8 - 20 ký tự,,purple,,,0|i001xj:,,Sprint 1,,,,,,,,Pass,Unit,Nhập vào mật khẩu có độ dài lớn hơn 20 kí tự,,,Done
TK - Xác Minh Tìm Kiếm - Không được nhập kí tự đặc biệt,NC-41,10327,Story,In Progress,NC,N2-CD21CT7,software,thanh vương,62995bccd9eae9006f369062,,Medium,,Ngô Tấn Lộc,638d987d5fc160544e1d212c,Ngô Tấn Lộc,638d987d5fc160544e1d212c,Ngô Tấn Lộc,638d987d5fc160544e1d212c,06/Feb/23 4:24 PM,20/Mar/23 2:06 PM,21/Mar/23 2:21 PM,,,0,TimKiem,"# Bấm vào quần áo nam hoặc nữ xong kéo xuống thanh bên trái phía dưới vào phần tiêu chí khác
!image-20230206-092048.png|width=349,height=113!

# Bấm vào sale để lọc ra tất cả sản phẩm đang sale
!image-20230206-092138.png|width=1536,height=864!",,Ngô Tấn Lộc,638d987d5fc160544e1d212c,,,,,,,,,,,NC-43,,,NC-39,06/Feb/23 4:24 PM;ug:0ead758c-ac0d-42b1-98a6-44ec6b3b077b;image-20230206-083030.png;https://vuongquanthanh.atlassian.net/secure/attachment/10226/image-20230206-083030.png,06/Feb/23 4:24 PM;ug:0ead758c-ac0d-42b1-98a6-44ec6b3b077b;image-20230206-083116.png;https://vuongquanthanh.atlassian.net/secure/attachment/10227/image-20230206-083116.png,06/Feb/23 4:24 PM;ug:0ead758c-ac0d-42b1-98a6-44ec6b3b077b;image-20230206-092048.png;https://vuongquanthanh.atlassian.net/secure/attachment/10228/image-20230206-092048.png,06/Feb/23 4:24 PM;ug:0ead758c-ac0d-42b1-98a6-44ec6b3b077b;image-20230206-092138.png;https://vuongquanthanh.atlassian.net/secure/attachment/10229/image-20230206-092138.png,Hiển thị các gợi ý tifm kiếm sản phẩm,,,,,,,,,,NC-3,Tìm Kiếm,,,1.Hiển thị thông báo lỗi hoặc gợi ý sản phẩm ,,,,,0|i001sj:,,Sprint 3,,,,,,,,Pass,System,"1. Không được tìm kí tự đặc biệt
2. Không được phép ghi số",,,In Progress
DK- Verify Password - Nếu Password bé hơn 8 kí tự,NC-40,10326,Story,Done,NC,N2-CD21CT7,software,thanh vương,62995bccd9eae9006f369062,,Medium,Done,Lê An Võ,628f6e488026a10068b283ee,Lê An Võ,628f6e488026a10068b283ee,Lê An Võ,628f6e488026a10068b283ee,06/Feb/23 4:21 PM,06/Feb/23 5:28 PM,21/Mar/23 2:21 PM,06/Feb/23 4:24 PM,,0,Dangki,,,Lê An Võ,628f6e488026a10068b283ee,,,,,,,,,,,,,,,,,,,Xuất hiện dòng chữ mật khẩu phải có 8 - 20 ký tự,,,,,,,,,,NC-2,Đăng Kí,,,Xuất hiện dòng chữ mật khẩu phải có 8 - 20 ký tự,,purple,,,0|i001x3:,,Sprint 1,,,,,,,,Pass,Unit,Nhập vào mật khẩu có độ dài bé hơn 8 kí tự,,,Done
TK - Xác Minh Tìm Kiếm - Có thể tìm kím được hàng sale,NC-39,10325,Story,In Progress,NC,N2-CD21CT7,software,thanh vương,62995bccd9eae9006f369062,,Medium,,Ngô Tấn Lộc,638d987d5fc160544e1d212c,Ngô Tấn Lộc,638d987d5fc160544e1d212c,Ngô Tấn Lộc,638d987d5fc160544e1d212c,06/Feb/23 4:18 PM,20/Mar/23 2:06 PM,21/Mar/23 2:21 PM,,,0,TimKiem,"# Bấm vào quần áo nam hoặc nữ xong kéo xuống thanh bên trái phía dưới vào phần tiêu chí khác
!image-20230206-092048.png|width=349,height=113!

# Bấm vào sale để lọc ra tất cả sản phẩm đang sale
!image-20230206-092138.png|width=1536,height=864!",,Ngô Tấn Lộc,638d987d5fc160544e1d212c,,,,,,,,,,,NC-41,,,NC-37,06/Feb/23 4:18 PM;ug:0ead758c-ac0d-42b1-98a6-44ec6b3b077b;image-20230206-083030.png;https://vuongquanthanh.atlassian.net/secure/attachment/10222/image-20230206-083030.png,06/Feb/23 4:18 PM;ug:0ead758c-ac0d-42b1-98a6-44ec6b3b077b;image-20230206-083116.png;https://vuongquanthanh.atlassian.net/secure/attachment/10223/image-20230206-083116.png,06/Feb/23 4:21 PM;ug:0ead758c-ac0d-42b1-98a6-44ec6b3b077b;image-20230206-092048.png;https://vuongquanthanh.atlassian.net/secure/attachment/10225/image-20230206-092048.png,06/Feb/23 4:21 PM;ug:0ead758c-ac0d-42b1-98a6-44ec6b3b077b;image-20230206-092138.png;https://vuongquanthanh.atlassian.net/secure/attachment/10224/image-20230206-092138.png,,,,,,,,,,,NC-3,Tìm Kiếm,,,1.Show ra sản phẩm mà khách hàng chọn,,,,,0|i001rf:,,Sprint 3,,,,,,,,Pass,System,1. Nếu bạn chọn sale thì hệ thống sẽ lọc ra tất cả sản phẩm đang sale cho bạn,,,In Progress
TK - Xác Minh Tìm Kiếm - Có thể tìm kím được giá mà bạn muốn,NC-37,10323,Story,In Progress,NC,N2-CD21CT7,software,thanh vương,62995bccd9eae9006f369062,,Medium,,Ngô Tấn Lộc,638d987d5fc160544e1d212c,Ngô Tấn Lộc,638d987d5fc160544e1d212c,Ngô Tấn Lộc,638d987d5fc160544e1d212c,06/Feb/23 4:11 PM,06/Feb/23 5:24 PM,21/Mar/23 2:21 PM,,,0,TimKiem,,,Ngô Tấn Lộc,638d987d5fc160544e1d212c,,,,,,,,,,,NC-39,,,NC-20,06/Feb/23 4:11 PM;ug:0ead758c-ac0d-42b1-98a6-44ec6b3b077b;image-20230206-083030.png;https://vuongquanthanh.atlassian.net/secure/attachment/10220/image-20230206-083030.png,06/Feb/23 4:11 PM;ug:0ead758c-ac0d-42b1-98a6-44ec6b3b077b;image-20230206-083116.png;https://vuongquanthanh.atlassian.net/secure/attachment/10221/image-20230206-083116.png,,,,,,,,,,,,,NC-3,Tìm Kiếm,,,1.Show ra sản phẩm mà khách hàng chọn,,,,,0|i001ur:,,Sprint 3,,,,,,,,Pass,Unit,1. Nếu bạn bấm vào giá bạn muốn nó sẽ lọc hết tất cả và show ra sản phẩm có giá bạn chọn,,,In Progress
MH - Xác Minh Mua Hàng - Khi mua giỏ hàng phải có sản phẩm,NC-35,10321,Story,In Progress,NC,N2-CD21CT7,software,thanh vương,62995bccd9eae9006f369062,,Medium,,Ngô Tấn Lộc,638d987d5fc160544e1d212c,Ngô Tấn Lộc,638d987d5fc160544e1d212c,Ngô Tấn Lộc,638d987d5fc160544e1d212c,06/Feb/23 4:02 PM,06/Feb/23 5:24 PM,21/Mar/23 2:21 PM,,,0,MuaHang,,,Ngô Tấn Lộc,638d987d5fc160544e1d212c,,,,,,,,,,,,,,NC-13,06/Feb/23 4:02 PM;ug:0ead758c-ac0d-42b1-98a6-44ec6b3b077b;image-20230206-081536.png;https://vuongquanthanh.atlassian.net/secure/attachment/10216/image-20230206-081536.png,06/Feb/23 4:02 PM;ug:0ead758c-ac0d-42b1-98a6-44ec6b3b077b;image-20230206-081929.png;https://vuongquanthanh.atlassian.net/secure/attachment/10217/image-20230206-081929.png,,,"Hệ thông sẽ hiển thị lỗi, và thông báo sản phẩm cho bạn chọn",,,,,,,,,,NC-5,Mua Hàng,,,1.Nếu giỏ hàng bạn trống bạn sẽ không mua hàng được,,,,,0|i001sx:,,Sprint 3,,,,,,,,Pass,Unit,,,,In Progress
DK-verify- bắt buộc tích vào ô điều khoản sử dụng,NC-34,10320,Story,Done,NC,N2-CD21CT7,software,thanh vương,62995bccd9eae9006f369062,,Medium,Done,Lê An Võ,6391935d9960988ef6c29e27,Lê An Võ,6391935d9960988ef6c29e27,Em Của Chị Ca Nô,638d97af9960988ef6c1ce87,06/Feb/23 4:01 PM,20/Mar/23 2:54 PM,21/Mar/23 2:21 PM,19/Mar/23 7:58 PM,,0,Dangki,"!image-20230320-075404.png|width=786,height=103!",,Em Của Chị Ca Nô,638d97af9960988ef6c1ce87,,,,,,,,,,,,,,,20/Mar/23 2:54 PM;6391935d9960988ef6c29e27;image-20230320-075404.png;https://vuongquanthanh.atlassian.net/secure/attachment/10264/image-20230320-075404.png,,,,Xuất hiện thông báo điều khoản sử dụng là bắt buộc,,,,,,,,,,NC-2,Đăng Kí,,,Xuất hiện thông báo điều khoản sử dụng là bắt buộc,,purple,,,0|i001vz:,,Sprint 2,,,,,,,,Pass,Intergration,"1. vào phần đăng nhập đăng kí
2.không nhập gì cả và click vào ô đăng kí ",,,Done
DN - Xác minh đăng nhập - Có trong dữ liệu hay chưa,NC-33,10319,Story,In Progress,NC,N2-CD21CT7,software,thanh vương,62995bccd9eae9006f369062,,Medium,,Ngô Tấn Lộc,638d987d5fc160544e1d212c,Ngô Tấn Lộc,638d987d5fc160544e1d212c,Ngô Tấn Lộc,638d987d5fc160544e1d212c,06/Feb/23 4:00 PM,20/Mar/23 2:12 PM,21/Mar/23 2:21 PM,,,0,DangNhap,,,Ngô Tấn Lộc,638d987d5fc160544e1d212c,,,,,,,,,,,,,,NC-23,,,,,1.Nếu đăng nhập thành công hệ thống sẽ thông báo đăng nhập thành công,,,,,,,,,,NC-1, Đăng Nhập,,,"1. Nếu nhập sai Email, mật khẩu sai hệ thống sẽ báo lỗi
",,,,,0|i001sz:,,Sprint 3,,,,,,,,Pass,System,"1. Bạn phải đăng nhập đúng email
2. Bạn phải đăng nhập đúng mật khẩu",,,In Progress
DK- Verify Email - Email không được để trống,NC-32,10318,Story,Done,NC,N2-CD21CT7,software,thanh vương,62995bccd9eae9006f369062,,Medium,Done,Lê An Võ,628f6e488026a10068b283ee,Lê An Võ,628f6e488026a10068b283ee,Lê An Võ,628f6e488026a10068b283ee,06/Feb/23 3:58 PM,06/Feb/23 5:27 PM,21/Mar/23 2:21 PM,06/Feb/23 4:00 PM,,0,Dangki,,,Lê An Võ,628f6e488026a10068b283ee,,,,,,,,,,,,,,,,,,,Vui lòng nhập một địa chỉ email,,,,,,,,,,NC-2,Đăng Kí,,,Vui lòng nhập một địa chỉ email,,purple,,,0|i001vj:,,Sprint 1,,,,,,,,Pass,Unit,Không nhập vào email,,,Done
DK- Verify Email - Email không được có khoảng cách,NC-31,10317,Story,Done,NC,N2-CD21CT7,software,thanh vương,62995bccd9eae9006f369062,,Medium,Done,Lê An Võ,628f6e488026a10068b283ee,Lê An Võ,628f6e488026a10068b283ee,Lê An Võ,628f6e488026a10068b283ee,06/Feb/23 3:54 PM,06/Feb/23 5:27 PM,21/Mar/23 2:21 PM,06/Feb/23 3:56 PM,,0,Dangki,,,Lê An Võ,628f6e488026a10068b283ee,,,,,,,,,,,,,,,,,,,Vui lòng nhập lại địa chỉ email hợp lệ,,,,,,,,,,NC-2,Đăng Kí,,,Vui lòng nhập lại địa chỉ email hợp lệ,,purple,,,0|i001vb:,,Sprint 1,,,,,,,,Pass,Unit,Nhập vào email có khoản cách ,,,Done
Dk-Verify-Hiện mật khẩu,NC-30,10316,Story,Done,NC,N2-CD21CT7,software,thanh vương,62995bccd9eae9006f369062,,Medium,Done,Lê An Võ,6391935d9960988ef6c29e27,Lê An Võ,6391935d9960988ef6c29e27,Em Của Chị Ca Nô,638d97af9960988ef6c1ce87,06/Feb/23 3:52 PM,20/Mar/23 2:54 PM,21/Mar/23 2:21 PM,06/Feb/23 3:53 PM,,0,DangNhap,"!image-20230320-075439.png|width=784,height=151!",,Em Của Chị Ca Nô,638d97af9960988ef6c1ce87,,,,,,,,,,,,,,NC-11,20/Mar/23 2:54 PM;6391935d9960988ef6c29e27;image-20230320-075439.png;https://vuongquanthanh.atlassian.net/secure/attachment/10265/image-20230320-075439.png,,,,mật khẩu hiện lên,,,,,,,,,,NC-1, Đăng Nhập,,,mật khẩu hiện lên ,,purple,,,0|i001v3:,,Sprint 2,,,,,,,,Pass,Intergration,Tích chuột vào ô hiện mật khẩu,,,Done
DK - Xác minh tài khoản - Nếu đúng hệ thống sẽ gửi mã xác nhận ,NC-27,10313,Story,In Progress,NC,N2-CD21CT7,software,thanh vương,62995bccd9eae9006f369062,,Medium,,Ngô Tấn Lộc,638d987d5fc160544e1d212c,Ngô Tấn Lộc,638d987d5fc160544e1d212c,Ngô Tấn Lộc,638d987d5fc160544e1d212c,06/Feb/23 3:51 PM,20/Mar/23 2:10 PM,21/Mar/23 2:21 PM,,,0,Dangki,,,Ngô Tấn Lộc,638d987d5fc160544e1d212c,,,,,,,,,,NC-2,,,,,,,,,"Xác nhận đăng kí, hệ thống sẽ gửi mã xác thực về email của bạn ",,,,,,,,,,NC-2,Đăng Kí,,,"1. Nếu bạn nhập sai email, mật khẩu hệ thống sẽ báo lỗi, hệ thống sẽ xác nhận lại để chắc rằng email đó là của bạn để gửi mã xác minh về email",,,,,0|i001uf:,,Sprint 3,,,,,,,,Pass,System,"1. Chắc chắn rằng bạn đã nhập đúng email và mật khẩu
2. Không được để trống
3. Không được dùng kí tự đặc biệt trừ những kí tự mà hệ thống cho",,,In Progress
DK- Verify Password - Password không được có khoảng cách,NC-26,10312,Story,Done,NC,N2-CD21CT7,software,thanh vương,62995bccd9eae9006f369062,,Medium,Done,Lê An Võ,628f6e488026a10068b283ee,Lê An Võ,628f6e488026a10068b283ee,Em Của Chị Ca Nô,638d97af9960988ef6c1ce87,06/Feb/23 3:45 PM,06/Feb/23 5:28 PM,21/Mar/23 2:21 PM,06/Feb/23 3:48 PM,,0,DangNhap,,,Em Của Chị Ca Nô,638d97af9960988ef6c1ce87,,,,,,,,,,,,,,NC-15,,,,,Xuất hiện gợi ý để nhập mật khẩu chính xác ,,,,,,,,,,NC-1, Đăng Nhập,,,Xuất hiện gợi ý để nhập mật khẩu chính xác ,,purple,,,0|i001u7:,,,,,,,,,,Pass,Unit,Nhập vào khoảng cách ,,,Done
DK- Verify Password - Password không được có kí tự đặc biệt,NC-25,10311,Story,Done,NC,N2-CD21CT7,software,thanh vương,62995bccd9eae9006f369062,,Medium,Done,Lê An Võ,628f6e488026a10068b283ee,Lê An Võ,628f6e488026a10068b283ee,Em Của Chị Ca Nô,638d97af9960988ef6c1ce87,06/Feb/23 3:44 PM,06/Feb/23 5:28 PM,21/Mar/23 2:21 PM,06/Feb/23 3:48 PM,,0,DangNhap,,,Em Của Chị Ca Nô,638d97af9960988ef6c1ce87,,,,,,,,,,,,,,NC-16,,,,,Xuất hiện gợi ý để nhập mật khẩu chính xác ,,,,,,,,,,NC-1, Đăng Nhập,,,Xuất hiện gợi ý để nhập mật khẩu chính xác ,,purple,,,0|i001tz:,,,,,,,,,,Pass,Unit,Nhập vào kí tự đặc biệt,,,Done
DK- Verify Email - Email phải hợp lệ,NC-24,10310,Story,Done,NC,N2-CD21CT7,software,thanh vương,62995bccd9eae9006f369062,,Medium,Done,Lê An Võ,628f6e488026a10068b283ee,Lê An Võ,628f6e488026a10068b283ee,Em Của Chị Ca Nô,638d97af9960988ef6c1ce87,06/Feb/23 3:42 PM,06/Feb/23 5:28 PM,21/Mar/23 2:21 PM,06/Feb/23 3:48 PM,,0,DangNhap,,,Em Của Chị Ca Nô,638d97af9960988ef6c1ce87,,,,,,,,,,,,,,NC-8,,,,,Không hiện thông báo gì,,,,,,,,,,NC-1, Đăng Nhập,,,Không hiện thông báo gì,,purple,,,0|i001tr:,,Sprint 1,,,,,,,,Pass,Unit,Nhập vào 1 email hợp lệ (abc123@gmail.com),,,Done
DN - Xác minh tài khoản - Có trong dữ liệu hay chưa,NC-23,10309,Story,In Progress,NC,N2-CD21CT7,software,thanh vương,62995bccd9eae9006f369062,,Medium,,Ngô Tấn Lộc,638d987d5fc160544e1d212c,Ngô Tấn Lộc,638d987d5fc160544e1d212c,Ngô Tấn Lộc,638d987d5fc160544e1d212c,06/Feb/23 3:41 PM,20/Mar/23 2:08 PM,21/Mar/23 2:21 PM,,,0,DangNhap,"# Vào link để đăng nhập [https://www.uniqlo.com/vn/auth/v1/login|https://www.uniqlo.com/vn/auth/v1/login]
# Đăng nhập tài khoản bạn đã tạo
# Đăng nhập vào và mua hàng thôi",,Ngô Tấn Lộc,638d987d5fc160544e1d212c,,,,,,,,,,NC-1,NC-33,NC-55,,,,,,,1.Tài khoản bạn đã có trong dữ liệu và đăng nhập thành công,,,,,,,,,,NC-1, Đăng Nhập,,,"1. Nếu nhập sai Email, mật khẩu sai hệ thống sẽ báo lỗi
",,,,,0|i001tj:,,Sprint 3,,,,,,,,Pass,System,1. Bạn phải đăng nhập đúng tài khoản đã tạo,,,In Progress
DK- Verify - Sinh nhật không được quá ngày hiện tại,NC-22,10308,Story,Done,NC,N2-CD21CT7,software,thanh vương,62995bccd9eae9006f369062,,Medium,Done,Lê An Võ,628f6e488026a10068b283ee,Lê An Võ,628f6e488026a10068b283ee,Lê An Võ,628f6e488026a10068b283ee,06/Feb/23 3:39 PM,06/Feb/23 5:27 PM,21/Mar/23 2:21 PM,06/Feb/23 3:43 PM,,0,Dangki,,,Lê An Võ,628f6e488026a10068b283ee,,,,,,,,,,,,,,,,,,,Những ngày trong tương lai sẽ bị ẩn,,,,,,,,,,NC-2,Đăng Kí,,,Những ngày trong tương lai sẽ bị ẩn,,purple,,,0|i001tb:,,Sprint 1,,,,,,,,Pass,Unit,Nhấn vào lịch chọn ngày tháng năm sinh,,,Done
DN-Verify-Đổi mật khẩu,NC-21,10307,Story,Done,NC,N2-CD21CT7,software,thanh vương,62995bccd9eae9006f369062,,Medium,Done,Lê An Võ,6391935d9960988ef6c29e27,Lê An Võ,6391935d9960988ef6c29e27,Em Của Chị Ca Nô,638d97af9960988ef6c1ce87,06/Feb/23 3:33 PM,19/Mar/23 7:58 PM,21/Mar/23 2:21 PM,19/Mar/23 7:58 PM,,0,DangNhap,,,Em Của Chị Ca Nô,638d97af9960988ef6c1ce87,,,,,,,,,,,,,,,,,,,đổi được mật khẩu,,,,,,,,,,NC-1, Đăng Nhập,,,đổi được mật khẩu,,purple,,,0|i001t3:,,Sprint 2,,,,,,,,Pass,Intergration,click chuột vào chữ đổi mật khẩu và tiến hành cung cấp thông tin gmail và mật khẩu mới,,,Done
TK - Xác Minh Tìm Kiếm - Có thể tìm kím nhanh được thứ bạn muốn mua,NC-20,10306,Story,In Progress,NC,N2-CD21CT7,software,thanh vương,62995bccd9eae9006f369062,,Medium,,Ngô Tấn Lộc,638d987d5fc160544e1d212c,Ngô Tấn Lộc,638d987d5fc160544e1d212c,Ngô Tấn Lộc,638d987d5fc160544e1d212c,06/Feb/23 3:33 PM,20/Mar/23 2:08 PM,21/Mar/23 2:21 PM,,,0,TimKiem,"# Vào link mua hàng : [https://www.uniqlo.com/vn/vi/products/E457937-000?colorCode=COL03&sizeCode=SMA002|https://www.uniqlo.com/vn/vi/products/E457937-000?colorCode=COL03&sizeCode=SMA002]
# Vào thanh tìm kiếm:
!image-20230206-083030.png|width=361,height=184!

3. Nhập  món mà bạn muốn tìm như quần áo giày dép. v.v

!image-20230206-083116.png|width=1536,height=864!",,Ngô Tấn Lộc,638d987d5fc160544e1d212c,,,,,,,,,,NC-3,NC-37,,,,06/Feb/23 3:33 PM;ug:0ead758c-ac0d-42b1-98a6-44ec6b3b077b;image-20230206-083030.png;https://vuongquanthanh.atlassian.net/secure/attachment/10212/image-20230206-083030.png,06/Feb/23 3:33 PM;ug:0ead758c-ac0d-42b1-98a6-44ec6b3b077b;image-20230206-083116.png;https://vuongquanthanh.atlassian.net/secure/attachment/10213/image-20230206-083116.png,,,1. Show được sản phẩm khách hàng muốn tìm,,,,,,,,,,NC-3,Tìm Kiếm,,,1. Tìm đúng nó sẽ hiện lên sản phẩm mà bạn đang tìm,,,,,0|i001sv:,,Sprint 3,,,,,,,,Pass,System,"1. Bạn tìm những món mà có trong cửa hàng, nếu tìm món khác cửa hàng sẽ không show ra sản phẩm",,,In Progress
TK-Verify-Lịch sử tìm kiếm,NC-19,10305,Story,Done,NC,N2-CD21CT7,software,thanh vương,62995bccd9eae9006f369062,,Medium,Done,Lê An Võ,6391935d9960988ef6c29e27,Lê An Võ,6391935d9960988ef6c29e27,Em Của Chị Ca Nô,638d97af9960988ef6c1ce87,06/Feb/23 3:30 PM,20/Mar/23 2:56 PM,21/Mar/23 2:21 PM,19/Mar/23 8:01 PM,,0,TimKiem,"!image-20230320-075608.png|width=1523,height=352!",,Em Của Chị Ca Nô,638d97af9960988ef6c1ce87,,,,,,,,,,,,,,,20/Mar/23 2:56 PM;6391935d9960988ef6c29e27;image-20230320-075608.png;https://vuongquanthanh.atlassian.net/secure/attachment/10266/image-20230320-075608.png,,,,xuất hiện những dòng gợi ý lịch sử tìm kiếm,,,,,,,,,,NC-3,Tìm Kiếm,,,xuất hiện những dòng gợi ý lịch sử tìm kiếm,,purple,,,0|i001sn:,,Sprint 2,,,,,,,,Pass,Intergration,trỏ chuột vào ô tìm kiếm ,,,Done
GH - Xác Minh Giỏ Hàng - Có đúng món bạn chọn hay không,NC-18,10304,Story,Done,NC,N2-CD21CT7,software,thanh vương,62995bccd9eae9006f369062,,Medium,Done,Ngô Tấn Lộc,638d987d5fc160544e1d212c,Ngô Tấn Lộc,638d987d5fc160544e1d212c,Ngô Tấn Lộc,638d987d5fc160544e1d212c,06/Feb/23 3:26 PM,20/Mar/23 2:07 PM,21/Mar/23 2:21 PM,06/Feb/23 5:29 PM,,0,GioHang,"1.Vào link mua hàng : [https://www.uniqlo.com/vn/vi/products/E457937-000?colorCode=COL03&sizeCode=SMA002\|https://www.uniqlo.com/vn/vi/products/E457937-000?colorCode=COL03&sizeCode=SMA002\]

2. Chọn sản phẩm size và số lượng và bấm thêm vào giỏ hàng

!image-20230206-082400.png|width=1536,height=864!

3. Bấm xem giỏ hàng nó sẽ show ra sản phẩm bạn đã chọn

!image-20230206-082431.png|width=1536,height=864!",,Ngô Tấn Lộc,638d987d5fc160544e1d212c,,,,,,,,,,NC-4,NC-44,,,,06/Feb/23 3:26 PM;ug:0ead758c-ac0d-42b1-98a6-44ec6b3b077b;image-20230206-082400.png;https://vuongquanthanh.atlassian.net/secure/attachment/10210/image-20230206-082400.png,06/Feb/23 3:26 PM;ug:0ead758c-ac0d-42b1-98a6-44ec6b3b077b;image-20230206-082431.png;https://vuongquanthanh.atlassian.net/secure/attachment/10211/image-20230206-082431.png,,,Xem được thông tin sản phẩm vừa thêm vào giỏ hàng,,,,,,,,,,NC-4,Giỏ Hàng,,,1. Hiện tổng sản phẩm và số tiền bạn cần thanh toán,,,,,0|i001sf:,,Sprint 3,,,,,,,,Pass,System,"1.Show ra được sản phẩm bạn chọn
",,,Done
GH-Verifiy-Đăng nhập trước khi xác nhận mua hàng ,NC-17,10303,Story,Done,NC,N2-CD21CT7,software,thanh vương,62995bccd9eae9006f369062,,Medium,Done,Lê An Võ,6391935d9960988ef6c29e27,Lê An Võ,6391935d9960988ef6c29e27,Em Của Chị Ca Nô,638d97af9960988ef6c1ce87,06/Feb/23 3:24 PM,20/Mar/23 2:58 PM,21/Mar/23 2:21 PM,19/Mar/23 8:02 PM,,0,,"!image-20230320-075755.png|width=1481,height=668!",,Em Của Chị Ca Nô,638d97af9960988ef6c1ce87,,,,,,,,,,,NC-59,,,,20/Mar/23 2:58 PM;6391935d9960988ef6c29e27;image-20230320-075755.png;https://vuongquanthanh.atlassian.net/secure/attachment/10267/image-20230320-075755.png,,,,"có chuyển đến trang đăng nhập, đăng kí ",,,,,,,,,,NC-4,Giỏ Hàng,,,"chuyển đến trang đăng nhập , đăng kí",,purple,,,0|i001s7:,,Sprint 2,,,,,,,,Pass,Intergration,thêm 1 sản phẩm vào giỏ hàng và bấm vào giỏ hàng bấm thanh toán,,,Done
DK- Verify Password - Password không được có kí tự đặc biệt,NC-16,10302,Story,Done,NC,N2-CD21CT7,software,thanh vương,62995bccd9eae9006f369062,,Medium,Done,Lê An Võ,628f6e488026a10068b283ee,Lê An Võ,628f6e488026a10068b283ee,Lê An Võ,628f6e488026a10068b283ee,06/Feb/23 3:23 PM,06/Feb/23 5:27 PM,21/Mar/23 2:21 PM,06/Feb/23 3:36 PM,,0,Dangki,,,Lê An Võ,628f6e488026a10068b283ee,,,,,,,,,,,NC-25,,,,,,,,Xuất hiện gợi ý để nhập mật khẩu chính xác ,,,,,,,,,,NC-2,Đăng Kí,,,Xuất hiện gợi ý để nhập mật khẩu chính xác ,,purple,,,0|i001rz:,,Sprint 1,,,,,,,,Pass,Unit,Nhập vào kí tự đặc biệt,,,Done
DK- Verify Password - Password không được có khoảng cách,NC-15,10301,Story,Done,NC,N2-CD21CT7,software,thanh vương,62995bccd9eae9006f369062,,Medium,Done,Lê An Võ,628f6e488026a10068b283ee,Lê An Võ,628f6e488026a10068b283ee,Lê An Võ,628f6e488026a10068b283ee,06/Feb/23 3:13 PM,06/Feb/23 5:27 PM,21/Mar/23 2:21 PM,06/Feb/23 3:36 PM,,0,Dangki,,,Lê An Võ,628f6e488026a10068b283ee,,,,,,,,,,,NC-26,,,,,,,,Xuất hiện gợi ý để nhập mật khẩu chính xác ,,,,,,,,,,NC-2,Đăng Kí,,,Xuất hiện gợi ý để nhập mật khẩu chính xác ,,purple,,,0|i001rr:,,Sprint 1,,,,,,,,Pass,Unit,Nhập vào khoảng cách ,,,Done
DN-Verify-Mật khẩu phải phân biệt được chữ hoa và chữ thường,NC-14,10300,Story,Done,NC,N2-CD21CT7,software,thanh vương,62995bccd9eae9006f369062,,Medium,Done,Lê An Võ,6391935d9960988ef6c29e27,Lê An Võ,6391935d9960988ef6c29e27,Em Của Chị Ca Nô,638d97af9960988ef6c1ce87,06/Feb/23 3:13 PM,19/Mar/23 8:50 PM,21/Mar/23 2:21 PM,06/Feb/23 3:22 PM,,0,DangNhap,,,Em Của Chị Ca Nô,638d97af9960988ef6c1ce87,,,,,,,,,,,,,,,,,,,hiển thị mật khẩu không khớp với hồ sơ của chúng tôi,,,,,,,,,,NC-1, Đăng Nhập,,,hiển thị mật khẩu không khớp với hồ sơ của chúng tôi,,purple,,,0|i001rj:,,Sprint 2,,,,,,,,Pass,Intergration,nhập 1 mật khẩu đã đăng kí cho một tài khoản gmail trước đó nhưng đổi một kí  tự hoa thành 1 kí tự thường hoặc ngược lại,,,Done
MH - Xác Minh Mua Hàng - Vào chọn size màu sắc và số lượng,NC-13,10299,Story,In Progress,NC,N2-CD21CT7,software,thanh vương,62995bccd9eae9006f369062,,Medium,,Ngô Tấn Lộc,638d987d5fc160544e1d212c,Ngô Tấn Lộc,638d987d5fc160544e1d212c,Ngô Tấn Lộc,638d987d5fc160544e1d212c,06/Feb/23 3:11 PM,20/Mar/23 2:06 PM,21/Mar/23 2:21 PM,,,0,MuaHang,"# Vào link mua hàng   :                                                           [https://www.uniqlo.com/vn/vi/products/E457937-000?colorCode=COL03&sizeCode=SMA002|https://www.uniqlo.com/vn/vi/products/E457937-000?colorCode=COL03&sizeCode=SMA002]
# Chọn sản phẩm  chọn màu sắc size và số lượng 
!image-20230206-081929.png|width=1536,height=864!
# Xong bấm thêm vào giỏ hàng 
!image-20230206-081536.png|width=1536,height=864!",,Ngô Tấn Lộc,638d987d5fc160544e1d212c,,,,,,,,,,,NC-35,,,,06/Feb/23 3:19 PM;ug:0ead758c-ac0d-42b1-98a6-44ec6b3b077b;image-20230206-081536.png;https://vuongquanthanh.atlassian.net/secure/attachment/10208/image-20230206-081536.png,06/Feb/23 3:19 PM;ug:0ead758c-ac0d-42b1-98a6-44ec6b3b077b;image-20230206-081929.png;https://vuongquanthanh.atlassian.net/secure/attachment/10209/image-20230206-081929.png,,,Thanh toán và đăng kí được,,,,,,,,,,NC-5,Mua Hàng,,,1.Bạn phải có tài khoản,,,,,0|i001rb:,,Sprint 3,,,,,,,,Pass,System,"1. Phải Tạo được tài khoản mới mua hàng được

",,,In Progress
DK- Verify Password - Password không được để trống,NC-12,10298,Story,Done,NC,N2-CD21CT7,software,thanh vương,62995bccd9eae9006f369062,,Medium,Done,Lê An Võ,628f6e488026a10068b283ee,Lê An Võ,628f6e488026a10068b283ee,Lê An Võ,628f6e488026a10068b283ee,06/Feb/23 3:06 PM,06/Feb/23 5:27 PM,21/Mar/23 2:21 PM,06/Feb/23 3:36 PM,,0,Dangki,,,Lê An Võ,628f6e488026a10068b283ee,,,,,,,,,,,,,,,,,,,Vui lòng nhập mật khẩu ,,,,,,,,,,NC-2,Đăng Kí,,,Vui lòng nhập mật khẩu ,,purple,,,0|i001r3:,,Sprint 1,,,,,,,,Pass,Unit,Không nhập mật khẩu ,,,Done
Dk-Verify-Hiện mật khẩu,NC-11,10297,Story,Done,NC,N2-CD21CT7,software,thanh vương,62995bccd9eae9006f369062,,Medium,Done,Lê An Võ,6391935d9960988ef6c29e27,Lê An Võ,6391935d9960988ef6c29e27,Em Của Chị Ca Nô,638d97af9960988ef6c1ce87,06/Feb/23 3:00 PM,19/Mar/23 7:38 PM,21/Mar/23 2:21 PM,06/Feb/23 3:03 PM,,0,Dangki,,,Em Của Chị Ca Nô,638d97af9960988ef6c1ce87,,,,,,,,,,,NC-30,,,,,,,,mật khẩu hiện lên,,,,,,,,,,NC-2,Đăng Kí,,,mật khẩu hiện lên ,,purple,,,0|i001qv:,,Sprint 2,,,,,,,,Pass,Intergration,Tích chuột vào ô hiện mật khẩu,,,Done
DK- Verify Password - Password phải hợp lệ,NC-10,10296,Story,Done,NC,N2-CD21CT7,software,thanh vương,62995bccd9eae9006f369062,,Medium,Done,Lê An Võ,628f6e488026a10068b283ee,Lê An Võ,628f6e488026a10068b283ee,Lê An Võ,628f6e488026a10068b283ee,06/Feb/23 2:58 PM,06/Feb/23 5:27 PM,21/Mar/23 2:21 PM,06/Feb/23 3:36 PM,,0,Dangki,,,Lê An Võ,628f6e488026a10068b283ee,,,,,,,,,,,,,,,,,,,Không hiện thông báo gì,,,,,,,,,,NC-2,Đăng Kí,,,Không hiện thông  báo gì,,purple,,,0|i001qn:,,Sprint 1,,,,,,,,Pass,Unit,Nhập mật khẩu phải có ít nhất 8 kí tự và có cả chữ và số,,,Done
DK-Verify- giới tính chỉ được chọn 1,NC-9,10295,Story,Done,NC,N2-CD21CT7,software,thanh vương,62995bccd9eae9006f369062,,Medium,Done,Lê An Võ,6391935d9960988ef6c29e27,Lê An Võ,6391935d9960988ef6c29e27,Em Của Chị Ca Nô,638d97af9960988ef6c1ce87,06/Feb/23 2:57 PM,19/Mar/23 7:38 PM,21/Mar/23 2:21 PM,06/Feb/23 2:59 PM,,0,Dangki,,,Em Của Chị Ca Nô,638d97af9960988ef6c1ce87,,,,,,,,,,,,,,,,,,,dấu tích sẽ mất ở ô nam và hiển thị ở ô nữ,,,,,,,,,,NC-2,Đăng Kí,,,dấu tích sẽ mất ở ô nam và hiển thị ở ô nữ,,purple,,,0|i001qf:,,Sprint 2,,,,,,,,Pass,Intergration,chỏ chuột vào ô nam và ô nữ,,,Done
DK- Verify Email - Email hợp lệ,NC-8,10294,Story,Done,NC,N2-CD21CT7,software,thanh vương,62995bccd9eae9006f369062,,Medium,Done,Lê An Võ,628f6e488026a10068b283ee,Lê An Võ,628f6e488026a10068b283ee,Lê An Võ,628f6e488026a10068b283ee,06/Feb/23 2:40 PM,06/Feb/23 5:26 PM,21/Mar/23 2:21 PM,06/Feb/23 3:36 PM,,0,Dangki,,,Lê An Võ,628f6e488026a10068b283ee,,,,,,,,,,,NC-24,,,,,,,,Không hiện thông báo gì,,,,,,,,,,NC-2,Đăng Kí,,,Không hiện thông báo gì,,purple,,,0|i001pz:,,Sprint 1,,,,,,,,Pass,Unit,Nhập vào 1 email đúng (volean123@gmail.com),,,Done
DK- Verify Email - Xác thực email,NC-7,10293,Story,Done,NC,N2-CD21CT7,software,thanh vương,62995bccd9eae9006f369062,,Medium,Done,Lê An Võ,6391935d9960988ef6c29e27,Lê An Võ,6391935d9960988ef6c29e27,Em Của Chị Ca Nô,638d97af9960988ef6c1ce87,06/Feb/23 2:28 PM,19/Mar/23 7:58 PM,21/Mar/23 2:21 PM,19/Mar/23 7:58 PM,,0,Dangki,,,Em Của Chị Ca Nô,638d97af9960988ef6c1ce87,,,,,,,,,,,,,,,,,,,hệ thống có gửi đoạn mã đến mail để xác thực,,,,,,,,,,NC-2,Đăng Kí,,,hệ thống có gửi đoạn mã đến mail để xác thực,,purple,,,0|i001q7:,,Sprint 2,,,,,,,,Pass,Intergration,nhập đầy đủ thông tin vào form đăng kí xem có văn bản xác thực email gửi về email hay không,,,Done
Mua Hàng,NC-5,10291,Epic,To Do,NC,N2-CD21CT7,software,thanh vương,62995bccd9eae9006f369062,,Medium,,,,Ngô Tấn Lộc,638d987d5fc160544e1d212c,Ngô Tấn Lộc,638d987d5fc160544e1d212c,06/Feb/23 2:13 PM,06/Feb/23 5:24 PM,21/Mar/23 2:21 PM,,,0,,,,Ngô Tấn Lộc,638d987d5fc160544e1d212c,,,,,,,,,,,,,,,,,,,,,,,,,,,,ghx-label-7,,,Mua Hàng,To Do,,,purple,,,0|i001ov:,,,,,,,,,,,,,,,To Do
Giỏ Hàng,NC-4,10290,Epic,To Do,NC,N2-CD21CT7,software,thanh vương,62995bccd9eae9006f369062,,Medium,,,,Ngô Tấn Lộc,638d987d5fc160544e1d212c,Ngô Tấn Lộc,638d987d5fc160544e1d212c,06/Feb/23 2:13 PM,06/Feb/23 5:24 PM,21/Mar/23 2:21 PM,,,0,,,,Ngô Tấn Lộc,638d987d5fc160544e1d212c,,,,,,,,,NC-18,,,,,,,,,,,,,,,,,,,ghx-label-7,,,Giỏ Hàng,To Do,,,purple,,,0|i001on:,,,,,,,,,,,,,,,To Do
Tìm Kiếm,NC-3,10289,Epic,To Do,NC,N2-CD21CT7,software,thanh vương,62995bccd9eae9006f369062,,Medium,,,,Ngô Tấn Lộc,638d987d5fc160544e1d212c,Ngô Tấn Lộc,638d987d5fc160544e1d212c,06/Feb/23 2:12 PM,06/Feb/23 5:24 PM,21/Mar/23 2:21 PM,,,0,,,,Ngô Tấn Lộc,638d987d5fc160544e1d212c,,,,,,,,,NC-20,,,,,,,,,,,,,,,,,,,ghx-label-7,,,Tìm Kiếm,To Do,,,purple,,,0|i001of:,,,,,,,,,,,,,,,To Do
Đăng Kí,NC-2,10288,Epic,To Do,NC,N2-CD21CT7,software,thanh vương,62995bccd9eae9006f369062,,Medium,,,,Ngô Tấn Lộc,638d987d5fc160544e1d212c,Ngô Tấn Lộc,638d987d5fc160544e1d212c,06/Feb/23 2:12 PM,06/Feb/23 4:25 PM,21/Mar/23 2:21 PM,,,0,,,,Ngô Tấn Lộc,638d987d5fc160544e1d212c,,,,,,,,,NC-27,,,,,,,,,,,,,,,,,,,ghx-label-7,,,Đăng Kí,To Do,,,purple,,,0|i001o7:,,,,,,,,,,,,,,,To Do
 Đăng Nhập,NC-1,10287,Epic,To Do,NC,N2-CD21CT7,software,thanh vương,62995bccd9eae9006f369062,,Medium,,,,Ngô Tấn Lộc,638d987d5fc160544e1d212c,Ngô Tấn Lộc,638d987d5fc160544e1d212c,06/Feb/23 2:12 PM,06/Feb/23 5:19 PM,21/Mar/23 2:21 PM,,,0,,,,Ngô Tấn Lộc,638d987d5fc160544e1d212c,,,,,,,,,NC-23,,,,,,,,,,,,,,,,,,,ghx-label-7,,,NC-1 Đăng Nhập,To Do,,,purple,,,0|i001nz:,,,,,,,,,,,,,,,To Do
